match_id,date,time_local,round,gameweek,home_team,away_team,home_goals,away_goals,home_pens,away_pens,venue,attendance,referee,notes,match_url,status,stats_scraped,stats_source,home_xg,away_xg,competition,competition_weight,home_possession,home_shots,home_shots_on_target,home_corners,home_fouls,home_offsides,home_cards_yellow,home_cards_red,home_saves,home_crosses,home_interceptions,home_tackles_won,away_possession,away_shots,away_shots_on_target,away_corners,away_fouls,away_offsides,away_cards_yellow,away_cards_red,away_saves,away_crosses,away_interceptions,away_tackles_won
3c1e3816,2026-06-11,13:00,Group stage,1.0,Mexico,South Africa,2,0,,,Estadio Banorte (Neutral Site),80824,Wilton Sampaio,,https://fbref.com/en/matches/3c1e3816/Mexico-South-Africa-June-11-2026-World-Cup,played,True,kaggle+fbref,1.84,0.52,FIFA World Cup,4.0,57,16,4,6,11,2,1,1,1,12,8,6,43,3,2,3,15,1,2,2,4,8,7,7
beebb792,2026-06-11,20:00,Group stage,1.0,South Korea,Czechia,2,1,,,Estadio Akron (Neutral Site),44985,Amin Omar,,https://fbref.com/en/matches/beebb792/Korea-Republic-Czechia-June-11-2026-World-Cup,played,True,kaggle+fbref,1.45,1.12,FIFA World Cup,4.0,54,12,5,4,10,1,1,0,2,12,11,4,46,10,3,3,13,2,0,0,4,15,7,7
f6d2bd84,2026-06-12,15:00,Group stage,1.0,Canada,Bosnia and Herzegovina,1,1,,,BMO Field (Neutral Site),43002,Facundo Tello,,https://fbref.com/en/matches/f6d2bd84/Canada-Bosnia-and-Herzegovina-June-12-2026-World-Cup,played,True,kaggle+fbref,1.35,0.98,FIFA World Cup,4.0,52,13,4,9,12,2,2,0,3,24,4,15,29,8,3,4,15,1,3,0,5,10,10,13
f6c0596c,2026-06-12,18:00,Group stage,1.0,USA,Paraguay,4,1,,,SoFi Stadium (Neutral Site),70492,Danny Makkelie,,https://fbref.com/en/matches/f6c0596c/United-States-Paraguay-June-12-2026-World-Cup,played,True,kaggle+fbref,2.76,0.88,FIFA World Cup,4.0,59,16,6,3,13,2,1,0,1,17,11,6,28,9,1,1,17,3,5,0,9,5,9,16
58580af9,2026-06-13,12:00,Group stage,1.0,Qatar,Switzerland,1,1,,,Levi's Stadium (Neutral Site),67966,Said Martínez,,https://fbref.com/en/matches/58580af9/Qatar-Switzerland-June-13-2026-World-Cup,played,True,kaggle+fbref,0.78,1.54,FIFA World Cup,4.0,28,6,3,3,12,1,2,0,4,8,10,9,58,26,7,10,11,0,1,0,2,35,7,6
72d993fd,2026-06-13,18:00,Group stage,1.0,Brazil,Morocco,1,1,,,MetLife Stadium (Neutral Site),80663,Slavko Vinčič,,https://fbref.com/en/matches/72d993fd/Brazil-Morocco-June-13-2026-World-Cup,played,True,kaggle+fbref,1.62,1.1,FIFA World Cup,4.0,55,12,5,6,16,0,2,0,3,16,5,12,45,14,3,2,14,1,0,0,4,15,4,18
58c3106f,2026-06-13,21:00,Group stage,1.0,Haiti,Scotland,0,1,,,Gillette Stadium (Neutral Site),64146,Mustapha Ghorbal,,https://fbref.com/en/matches/58c3106f/Haiti-Scotland-June-13-2026-World-Cup,played,True,kaggle+fbref,1.25,0.65,FIFA World Cup,4.0,44,14,1,5,12,2,1,0,5,23,6,7,56,12,3,6,10,3,3,0,2,14,6,6
4ff2342a,2026-06-13,21:00,Group stage,1.0,Australia,Türkiye,2,0,,,BC Place Stadium (Neutral Site),52497,Jesús Valenzuela,,https://fbref.com/en/matches/4ff2342a/Australia-Turkiye-June-13-2026-World-Cup,played,True,kaggle+fbref,1.48,0.72,FIFA World Cup,4.0,27,9,4,5,12,1,0,0,2,14,6,5,62,30,7,8,4,3,1,0,2,26,4,7
a2c54ed9,2026-06-14,12:00,Group stage,1.0,Germany,Curaçao,7,1,,,Reliant Stadium (Neutral Site),68021,Jalal Jiyed,,https://fbref.com/en/matches/a2c54ed9/Germany-Curacao-June-14-2026-World-Cup,played,True,kaggle+fbref,4.82,0.44,FIFA World Cup,4.0,63,25,12,8,10,1,0,0,1,12,10,13,37,8,1,1,12,2,0,0,5,7,16,7
faa0cb98,2026-06-14,15:00,Group stage,1.0,Netherlands,Japan,2,2,,,AT&T Stadium (Neutral Site),69285,Ismail Elfath,,https://fbref.com/en/matches/faa0cb98/Netherlands-Japan-June-14-2026-World-Cup,played,True,kaggle+fbref,1.95,1.82,FIFA World Cup,4.0,61,10,5,5,7,2,3,0,3,21,7,5,39,9,5,4,7,1,0,0,3,23,4,10
f8ee7eef,2026-06-14,19:00,Group stage,1.0,Côte d'Ivoire,Ecuador,1,0,,,Lincoln Financial Field (Neutral Site),68274,François Letexier,,https://fbref.com/en/matches/f8ee7eef/Cote-dIvoire-Ecuador-June-14-2026-World-Cup,played,True,kaggle+fbref,1.1,0.95,FIFA World Cup,4.0,41,15,4,3,12,2,3,0,3,7,11,9,49,12,1,5,14,3,1,0,3,14,13,14
6df52cfd,2026-06-14,20:00,Group stage,1.0,Sweden,Tunisia,5,1,,,Estadio BBVA (Neutral Site),50987,Yael Falcón,,https://fbref.com/en/matches/6df52cfd/Sweden-Tunisia-June-14-2026-World-Cup,played,True,kaggle+fbref,3.12,0.78,FIFA World Cup,4.0,49,13,7,4,10,3,0,0,1,12,8,10,51,6,2,2,8,1,1,0,6,13,5,11
5f18a385,2026-06-15,12:00,Group stage,1.0,Belgium,Egypt,1,1,,,Lumen Field (Neutral Site),66775,Ramon Abatti,,https://fbref.com/en/matches/5f18a385/Belgium-Egypt-June-15-2026-World-Cup,played,True,kaggle+fbref,1.58,1.12,FIFA World Cup,4.0,57,15,3,2,15,0,2,0,2,16,10,11,43,14,3,7,15,1,2,0,2,13,12,17
c100284d,2026-06-15,12:00,Group stage,1.0,Spain,Cabo Verde,0,0,,,Mercedes-Benz Stadium (Neutral Site),67640,Adham Makhadmeh,,https://fbref.com/en/matches/c100284d/Spain-Cabo-Verde-June-15-2026-World-Cup,played,True,kaggle+fbref,2.15,0.35,FIFA World Cup,4.0,74,23,8,11,10,2,1,0,6,36,6,12,26,6,1,1,1,3,1,0,7,4,16,10
a039dc32,2026-06-15,18:00,Group stage,1.0,IR Iran,New Zealand,2,2,,,SoFi Stadium (Neutral Site),70108,César Arturo Ramos,,https://fbref.com/en/matches/a039dc32/IR-Iran-New-Zealand-June-15-2026-World-Cup,played,True,kaggle+fbref,1.88,1.2,FIFA World Cup,4.0,43,17,4,4,10,2,1,0,5,19,11,10,45,14,8,1,8,1,0,0,7,12,13,10
82de5964,2026-06-15,18:00,Group stage,1.0,Saudi Arabia,Uruguay,1,1,,,Hard Rock Stadium (Neutral Site),62764,Maurizio Mariani,,https://fbref.com/en/matches/82de5964/Saudi-Arabia-Uruguay-June-15-2026-World-Cup,played,True,kaggle+fbref,0.85,1.76,FIFA World Cup,4.0,27,7,3,4,11,2,1,0,8,7,7,9,63,27,10,14,6,1,0,0,2,47,10,2
2712fac7,2026-06-16,15:00,Group stage,1.0,France,Senegal,3,1,,,MetLife Stadium (Neutral Site),80545,Alireza Faghani,,https://fbref.com/en/matches/2712fac7/France-Senegal-June-16-2026-World-Cup,played,True,kaggle+fbref,2.44,1.05,FIFA World Cup,4.0,49,11,8,6,5,2,0,0,2,9,7,14,44,6,2,4,9,1,0,0,4,9,8,9
17eda16a,2026-06-16,18:00,Group stage,1.0,Iraq,Norway,1,4,,,Gillette Stadium (Neutral Site),63106,Pierre Ghislain Atcho,,https://fbref.com/en/matches/17eda16a/Iraq-Norway-June-16-2026-World-Cup,played,True,kaggle+fbref,0.68,2.85,FIFA World Cup,4.0,34,11,1,5,12,1,1,0,7,13,5,13,57,11,5,4,13,0,0,0,1,17,3,10
881ab666,2026-06-16,20:00,Group stage,1.0,Argentina,Algeria,3,0,,,GEHA Field at Arrowhead Stadium (Neutral Site),69045,Szymon Marciniak,,https://fbref.com/en/matches/881ab666/Argentina-Algeria-June-16-2026-World-Cup,played,True,kaggle+fbref,2.65,0.42,FIFA World Cup,4.0,49,10,6,2,13,3,0,0,1,5,12,17,51,7,1,2,8,1,0,0,4,8,8,10
140e19d9,2026-06-16,21:00,Group stage,1.0,Austria,Jordan,3,1,,,Levi's Stadium (Neutral Site),68527,Dahane Beida,,https://fbref.com/en/matches/140e19d9/Austria-Jordan-June-16-2026-World-Cup,played,True,kaggle+fbref,1.98,0.88,FIFA World Cup,4.0,53,10,4,4,12,3,1,0,1,17,15,8,33,11,3,3,7,1,0,0,6,15,12,7
c95830e9,2026-06-17,12:00,Group stage,1.0,Portugal,Congo DR,1,1,,,Reliant Stadium (Neutral Site),68777,Abdulrahman Ibrahim Al Jassim,,https://fbref.com/en/matches/c95830e9/Portugal-Congo-DR-June-17-2026-World-Cup,played,True,kaggle+fbref,1.78,1.15,FIFA World Cup,4.0,68,7,1,5,9,3,3,0,5,23,2,6,25,8,2,4,10,2,1,0,3,9,5,11
c42ce3be,2026-06-17,15:00,Group stage,1.0,England,Croatia,4,2,,,AT&T Stadium (Neutral Site),70389,Clément Turpin,,https://fbref.com/en/matches/c42ce3be/England-Croatia-June-17-2026-World-Cup,played,True,kaggle+fbref,2.92,1.64,FIFA World Cup,4.0,48,22,11,8,10,2,0,0,4,13,7,7,43,10,5,2,12,3,0,0,6,13,7,7
9f71086a,2026-06-17,19:00,Group stage,1.0,Ghana,Panama,1,0,,,BMO Field (Neutral Site),42942,Glenn Nyberg,,https://fbref.com/en/matches/9f71086a/Ghana-Panama-June-17-2026-World-Cup,played,True,kaggle+fbref,1.3,0.75,FIFA World Cup,4.0,35,7,2,2,9,1,1,0,5,16,8,9,55,11,4,2,11,2,2,0,1,21,5,11
3329959e,2026-06-17,20:00,Group stage,1.0,Uzbekistan,Colombia,1,3,,,Estadio Banorte (Neutral Site),80824,Anthony Taylor,,https://fbref.com/en/matches/3329959e/Uzbekistan-Colombia-June-17-2026-World-Cup,played,True,kaggle+fbref,0.95,2.1,FIFA World Cup,4.0,33,8,2,3,14,2,1,0,6,13,7,7,56,15,4,4,11,1,1,0,2,15,6,4
02f675d6,2026-06-18,12:00,Group stage,2.0,Czechia,South Africa,1,1,,,Mercedes-Benz Stadium (Neutral Site),67442,Tori Penso,,https://fbref.com/en/matches/02f675d6/Czechia-South-Africa-June-18-2026-World-Cup,played,True,kaggle+fbref,1.35,1.15,FIFA World Cup,4.0,32,14,3,5,12,1,1,0,3,16,9,4,60,17,4,5,10,3,2,0,4,17,9,11
5134daab,2026-06-18,12:00,Group stage,2.0,Switzerland,Bosnia and Herzegovina,4,1,,,SoFi Stadium (Neutral Site),70026,João Pinheiro,,https://fbref.com/en/matches/5134daab/Switzerland-Bosnia-and-Herzegovina-June-18-2026-World-Cup,played,True,kaggle+fbref,2.45,0.88,FIFA World Cup,4.0,57,13,7,7,7,2,1,0,1,22,4,14,34,5,3,3,17,1,2,1,5,12,12,3
60dedabb,2026-06-18,15:00,Group stage,2.0,Canada,Qatar,6,0,,,BC Place Stadium (Neutral Site),52497,Cristián Garay,,https://fbref.com/en/matches/60dedabb/Canada-Qatar-June-18-2026-World-Cup,played,True,kaggle+fbref,3.82,0.22,FIFA World Cup,4.0,65,33,11,19,9,3,1,0,0,55,6,5,20,2,0,1,10,1,1,2,9,3,11,10
50a429da,2026-06-18,19:00,Group stage,2.0,Mexico,South Korea,1,0,,,Estadio Akron (Neutral Site),45522,Gustavo Tejera,,https://fbref.com/en/matches/50a429da/Mexico-Korea-Republic-June-18-2026-World-Cup,played,True,kaggle+fbref,1.62,0.58,FIFA World Cup,4.0,49,8,4,0,9,1,0,0,2,5,7,7,51,9,2,2,7,2,2,0,3,9,5,10
580cb771,2026-06-19,12:00,Group stage,2.0,USA,Australia,2,0,,,Lumen Field (Neutral Site),66925,Felix Zwayer,,https://fbref.com/en/matches/580cb771/United-States-Australia-June-19-2026-World-Cup,played,True,kaggle+fbref,1.21,0.32,FIFA World Cup,4.0,55,10,2,7,12,1,3,0,1,14,21,9,30,5,2,4,16,0,4,0,2,19,7,10
2a469714,2026-06-19,18:00,Group stage,2.0,Scotland,Morocco,0,1,,,Gillette Stadium (Neutral Site),64146,Ilgiz Tantashev,,https://fbref.com/en/matches/2a469714/Scotland-Morocco-June-19-2026-World-Cup,played,True,kaggle+fbref,0.97,0.54,FIFA World Cup,4.0,41,6,0,2,12,1,1,0,2,13,9,12,59,12,4,5,10,2,1,0,2,10,5,5
82209c60,2026-06-19,20:00,Group stage,2.0,Türkiye,Paraguay,0,1,,,Levi's Stadium (Neutral Site),68827,Iván Barton,,https://fbref.com/en/matches/82209c60/Turkiye-Paraguay-June-19-2026-World-Cup,played,True,kaggle+fbref,0.4,0.3,FIFA World Cup,4.0,67,32,5,12,14,2,2,0,2,42,6,12,19,7,2,0,15,1,1,1,4,6,9,15
48cce92a,2026-06-19,20:30,Group stage,2.0,Brazil,Haiti,3,0,,,Lincoln Financial Field (Neutral Site),68324,Alejandro Hernández,,https://fbref.com/en/matches/48cce92a/Brazil-Haiti-June-19-2026-World-Cup,played,True,kaggle+fbref,1.16,0.9,FIFA World Cup,4.0,59,14,6,5,10,2,1,0,0,9,10,11,41,4,0,2,12,1,3,0,4,11,9,10
816f4180,2026-06-20,12:00,Group stage,2.0,Netherlands,Sweden,5,1,,,Reliant Stadium (Neutral Site),68777,Michael Oliver,,https://fbref.com/en/matches/816f4180/Netherlands-Sweden-June-20-2026-World-Cup,played,True,kaggle+fbref,3.45,0.88,FIFA World Cup,4.0,48,10,7,7,11,2,0,0,2,15,8,9,43,16,8,3,14,3,3,0,7,21,6,9
43fec9f3,2026-06-20,16:00,Group stage,2.0,Germany,Côte d'Ivoire,2,1,,,BMO Field (Neutral Site),43036,Juan Gabriel Benítez,,https://fbref.com/en/matches/43fec9f3/Germany-Cote-dIvoire-June-20-2026-World-Cup,played,True,kaggle+fbref,1.85,0.72,FIFA World Cup,4.0,59,16,8,8,7,1,0,0,2,21,7,17,41,9,3,3,8,2,0,0,6,9,13,11
ca7eecdb,2026-06-20,19:00,Group stage,2.0,Ecuador,Curaçao,0,0,,,GEHA Field at Arrowhead Stadium (Neutral Site),68598,Ma Ning,,https://fbref.com/en/matches/ca7eecdb/Ecuador-Curacao-June-20-2026-World-Cup,played,True,kaggle+fbref,1.92,0.08,FIFA World Cup,4.0,63,28,15,9,12,0,1,0,15,32,7,11,37,5,1,0,14,1,5,0,15,1,8,7
27695f4a,2026-06-20,22:00,Group stage,2.0,Tunisia,Japan,0,4,,,Estadio BBVA (Neutral Site),51243,István Kovács,,https://fbref.com/en/matches/27695f4a/Tunisia-Japan-June-20-2026-World-Cup,played,True,kaggle+fbref,0.35,3.12,FIFA World Cup,4.0,38,3,1,3,8,2,0,0,1,10,14,16,62,14,5,5,15,1,0,0,1,11,6,11
0fcac1d8,2026-06-21,12:00,Group stage,2.0,Spain,Saudi Arabia,4,0,,,Mercedes-Benz Stadium (Neutral Site),68239,Raphael Claus,,https://fbref.com/en/matches/0fcac1d8/Spain-Saudi-Arabia-June-21-2026-World-Cup,played,True,kaggle+fbref,3.28,0.25,FIFA World Cup,4.0,67,18,8,6,6,3,0,0,1,25,16,8,33,5,1,1,10,2,2,0,4,5,12,12
c96f559b,2026-06-21,12:00,Group stage,2.0,Belgium,IR Iran,0,0,,,SoFi Stadium (Neutral Site),70317,Darío Herrera,,https://fbref.com/en/matches/c96f559b/Belgium-IR-Iran-June-21-2026-World-Cup,played,True,kaggle+fbref,1.45,0.62,FIFA World Cup,4.0,59,23,8,4,7,1,1,1,2,32,3,7,30,7,2,2,9,3,1,0,8,8,13,10
bc0e570b,2026-06-21,18:00,Group stage,2.0,Uruguay,Cabo Verde,2,2,,,Hard Rock Stadium (Neutral Site),64003,Espen Eskås,,https://fbref.com/en/matches/bc0e570b/Uruguay-Cabo-Verde-June-21-2026-World-Cup,played,True,kaggle+fbref,1.65,1.1,FIFA World Cup,4.0,65,17,7,11,11,2,2,0,2,29,8,8,35,12,4,4,4,1,2,0,5,7,13,15
d5699a16,2026-06-21,18:00,Group stage,2.0,New Zealand,Egypt,1,3,,,BC Place Stadium (Neutral Site),52497,Omar Mohamed Al Ali,,https://fbref.com/en/matches/d5699a16/New-Zealand-Egypt-June-21-2026-World-Cup,played,True,kaggle+fbref,0.55,2.15,FIFA World Cup,4.0,39,11,3,4,14,2,2,0,4,15,5,5,50,19,7,4,8,1,1,0,2,22,7,13
e7d8a062,2026-06-22,12:00,Group stage,2.0,Argentina,Austria,2,0,,,AT&T Stadium (Neutral Site),70649,Amin Omar,,https://fbref.com/en/matches/e7d8a062/Argentina-Austria-June-22-2026-World-Cup,played,True,kaggle+fbref,1.78,0.55,FIFA World Cup,4.0,54,12,5,1,13,2,2,0,1,4,8,11,46,6,1,3,13,1,2,0,3,16,9,9
31f1f241,2026-06-22,17:00,Group stage,2.0,France,Iraq,3,0,,,Lincoln Financial Field (Neutral Site),68324,Drew Fischer,,https://fbref.com/en/matches/31f1f241/France-Iraq-June-22-2026-World-Cup,played,True,kaggle+fbref,2.21,0.45,FIFA World Cup,4.0,56,19,5,4,8,2,0,0,0,14,5,9,44,4,0,2,4,1,1,0,2,9,11,9
7382111b,2026-06-22,20:00,Group stage,2.0,Norway,Senegal,3,2,,,MetLife Stadium (Neutral Site),80663,Wilton Sampaio,,https://fbref.com/en/matches/7382111b/Norway-Senegal-June-22-2026-World-Cup,played,True,kaggle+fbref,1.95,1.48,FIFA World Cup,4.0,52,12,6,5,13,1,0,0,2,10,8,11,48,10,4,4,5,2,0,0,3,23,10,7
eb19002c,2026-06-22,20:00,Group stage,2.0,Jordan,Algeria,1,2,,,Levi's Stadium (Neutral Site),68371,Slavko Vinčič,,https://fbref.com/en/matches/eb19002c/Jordan-Algeria-June-22-2026-World-Cup,played,True,kaggle+fbref,0.88,1.92,FIFA World Cup,4.0,29,6,2,2,12,1,1,0,4,5,2,16,71,18,6,7,9,2,1,0,1,21,10,18
904bbbdc,2026-06-23,12:00,Group stage,2.0,Portugal,Uzbekistan,5,0,,,Reliant Stadium (Neutral Site),68777,Jalal Jayed,,https://fbref.com/en/matches/904bbbdc/Portugal-Uzbekistan-June-23-2026-World-Cup,played,True,kaggle+fbref,3.54,0.42,FIFA World Cup,4.0,62,18,8,7,10,1,1,0,1,22,5,11,38,5,1,2,12,2,1,0,3,8,14,14
3dac8725,2026-06-23,16:00,Group stage,2.0,England,Ghana,0,0,,,Gillette Stadium (Neutral Site),63983,Said Martínez,,https://fbref.com/en/matches/3dac8725/England-Ghana-June-23-2026-World-Cup,played,True,kaggle+fbref,1.12,0.89,FIFA World Cup,4.0,59,11,3,6,8,2,1,0,2,30,1,7,41,9,2,3,12,1,1,0,3,5,8,17
28a6d770,2026-06-23,19:00,Group stage,2.0,Panama,Croatia,0,1,,,BMO Field (Neutral Site),43036,Pierre Ghislain Atcho,,https://fbref.com/en/matches/28a6d770/Panama-Croatia-June-23-2026-World-Cup,played,True,kaggle+fbref,0.42,1.48,FIFA World Cup,4.0,44,7,1,2,14,2,1,0,3,29,4,5,56,15,4,5,10,1,1,0,1,17,5,6
f2e8741b,2026-06-23,20:00,Group stage,2.0,Colombia,Congo DR,1,0,,,Estadio Akron (Neutral Site),45358,Maurizio Mariani,,https://fbref.com/en/matches/f2e8741b/Colombia-Congo-DR-June-23-2026-World-Cup,played,True,kaggle+fbref,1.62,0.58,FIFA World Cup,4.0,58,14,4,5,11,2,2,0,2,12,10,6,42,8,2,3,14,1,1,0,3,14,7,10
199a57aa,2026-06-24,12:00,Group stage,3.0,Switzerland,Canada,2,1,,,BC Place Stadium (Neutral Site),52497,Ramon Abatti,,https://fbref.com/en/matches/199a57aa/Switzerland-Canada-June-24-2026-World-Cup,played,True,kaggle+fbref,0.71,1.35,FIFA World Cup,4.0,55,6,4,2,15,0,1,0,6,6,5,7,45,13,7,5,10,3,2,0,2,26,13,6
a59cb59d,2026-06-24,12:00,Group stage,3.0,Bosnia and Herzegovina,Qatar,3,1,,,Lumen Field (Neutral Site),66925,Jesús Valenzuela,,https://fbref.com/en/matches/a59cb59d/Bosnia-and-Herzegovina-Qatar-June-24-2026-World-Cup,played,True,kaggle+fbref,1.48,0.95,FIFA World Cup,4.0,54,14,5,5,9,1,1,0,2,22,4,9,46,9,3,5,14,3,1,0,3,17,4,5
0ef71ab6,2026-06-24,18:00,Group stage,3.0,Scotland,Brazil,0,3,,,Hard Rock Stadium (Neutral Site),64478,César Arturo Ramos,,https://fbref.com/en/matches/0ef71ab6/Scotland-Brazil-June-24-2026-World-Cup,played,True,kaggle+fbref,0.45,2.18,FIFA World Cup,4.0,35,6,2,2,12,1,1,0,6,23,2,7,65,18,9,6,8,3,2,0,2,12,13,6
2307866a,2026-06-24,18:00,Group stage,3.0,Morocco,Haiti,4,2,,,Mercedes-Benz Stadium (Neutral Site),68239,Danny Makkelie,,https://fbref.com/en/matches/2307866a/Morocco-Haiti-June-24-2026-World-Cup,played,True,kaggle+fbref,2.35,1.12,FIFA World Cup,4.0,62,21,9,7,10,3,0,0,3,22,7,9,38,10,5,3,14,1,3,0,5,3,14,11
311661a5,2026-06-24,19:00,Group stage,3.0,South Africa,South Korea,1,0,,,Estadio BBVA (Neutral Site),51243,Facundo Tello,,https://fbref.com/en/matches/311661a5/South-Africa-Korea-Republic-June-24-2026-World-Cup,played,True,kaggle+fbref,1.26,1.39,FIFA World Cup,4.0,32,13,4,3,12,1,1,0,3,8,15,6,68,8,3,6,9,2,1,0,3,33,4,9
f26b468c,2026-06-24,19:00,Group stage,3.0,Czechia,Mexico,0,3,,,Estadio Banorte (Neutral Site),80824,Yael Falcón,,https://fbref.com/en/matches/f26b468c/Czechia-Mexico-June-24-2026-World-Cup,played,True,kaggle+fbref,1.1,1.27,FIFA World Cup,4.0,50,13,1,5,9,2,0,0,2,26,3,8,50,11,5,1,13,1,1,0,1,13,7,8
89835aff,2026-06-25,16:00,Group stage,3.0,Curaçao,Côte d'Ivoire,0,2,,,Lincoln Financial Field (Neutral Site),68324,Glenn Nyberg,,https://fbref.com/en/matches/89835aff/Curacao-Cote-dIvoire-June-25-2026-World-Cup,played,True,kaggle+fbref,0.32,1.68,FIFA World Cup,4.0,41,7,2,2,14,1,2,0,5,15,15,12,59,16,7,6,11,3,1,0,2,16,12,10
cc4ebc5b,2026-06-25,16:00,Group stage,3.0,Ecuador,Germany,2,1,,,MetLife Stadium (Neutral Site),80663,Tori Penso,,https://fbref.com/en/matches/cc4ebc5b/Ecuador-Germany-June-25-2026-World-Cup,played,True,kaggle+fbref,1.28,1.55,FIFA World Cup,4.0,44,11,5,3,13,1,3,0,6,12,12,16,56,16,7,6,10,2,1,0,3,16,4,13
994aa701,2026-06-25,18:00,Group stage,3.0,Japan,Sweden,1,1,,,AT&T Stadium (Neutral Site),70137,Iván Barton,,https://fbref.com/en/matches/994aa701/Japan-Sweden-June-25-2026-World-Cup,played,True,kaggle+fbref,1.12,0.95,FIFA World Cup,4.0,51,13,5,5,9,2,1,0,3,13,4,7,49,11,4,4,12,1,2,0,4,16,5,3
63b14e23,2026-06-25,18:00,Group stage,3.0,Tunisia,Netherlands,1,3,,,GEHA Field at Arrowhead Stadium (Neutral Site),68391,Katia García,,https://fbref.com/en/matches/63b14e23/Tunisia-Netherlands-June-25-2026-World-Cup,played,True,kaggle+fbref,0.62,2.15,FIFA World Cup,4.0,38,8,3,2,12,1,0,0,6,13,8,9,62,18,9,7,9,2,0,0,2,28,10,4
c8fa19f5,2026-06-25,19:00,Group stage,3.0,Paraguay,Australia,0,0,,,Levi's Stadium (Neutral Site),68827,Clément Turpin,,https://fbref.com/en/matches/c8fa19f5/Paraguay-Australia-June-25-2026-World-Cup,played,True,kaggle+fbref,0.55,0.48,FIFA World Cup,4.0,44,8,2,1,9,0,1,0,6,7,8,16,56,12,5,3,6,0,1,0,3,13,7,12
358fd0fc,2026-06-25,19:00,Group stage,3.0,Türkiye,USA,3,2,,,SoFi Stadium (Neutral Site),70492,Mustapha Ghorbal,,https://fbref.com/en/matches/358fd0fc/Turkiye-United-States-June-25-2026-World-Cup,played,True,kaggle+fbref,1.62,1.45,FIFA World Cup,4.0,48,14,7,4,11,2,0,0,3,11,8,20,52,13,5,6,9,1,1,0,4,18,11,9
1bcdcfc8,2026-06-26,15:00,Group stage,3.0,Norway,France,1,4,,,Gillette Stadium (Neutral Site),64146,Michael Oliver,,https://fbref.com/en/matches/1bcdcfc8/Norway-France-June-26-2026-World-Cup,played,True,kaggle+fbref,1.3,0.96,FIFA World Cup,4.0,47,9,5,3,8,0,1,0,4,9,13,12,53,17,9,5,7,2,1,0,4,9,11,13
583c1910,2026-06-26,15:00,Group stage,3.0,Senegal,Iraq,5,0,,,BMO Field (Neutral Site),43036,Anthony Taylor,,https://fbref.com/en/matches/583c1910/Senegal-Iraq-June-26-2026-World-Cup,played,True,kaggle+fbref,3.01,0.14,FIFA World Cup,4.0,69,28,12,12,10,1,2,0,1,25,2,9,31,6,1,3,11,0,2,1,7,6,7,13
48dd64d5,2026-06-26,18:00,Group stage,3.0,Uruguay,Spain,0,1,,,Estadio Akron (Neutral Site),45065,Ismail Elfath,,https://fbref.com/en/matches/48dd64d5/Uruguay-Spain-June-26-2026-World-Cup,played,True,kaggle+fbref,0.78,1.35,FIFA World Cup,4.0,42,10,3,3,13,2,3,1,5,16,14,15,58,15,6,5,9,1,1,0,3,12,9,10
8d6d70b6,2026-06-26,19:00,Group stage,3.0,Cabo Verde,Saudi Arabia,0,0,,,Reliant Stadium (Neutral Site),68278,François Letexier,,https://fbref.com/en/matches/8d6d70b6/Cabo-Verde-Saudi-Arabia-June-26-2026-World-Cup,played,True,kaggle+fbref,0.42,0.38,FIFA World Cup,4.0,51,15,3,4,10,2,1,0,3,18,13,12,49,6,3,2,16,0,3,0,6,10,10,15
acc93b55,2026-06-26,20:00,Group stage,3.0,Egypt,IR Iran,1,1,,,Lumen Field (Neutral Site),66925,Szymon Marciniak,,https://fbref.com/en/matches/acc93b55/Egypt-IR-Iran-June-26-2026-World-Cup,played,True,kaggle+fbref,0.85,0.92,FIFA World Cup,4.0,47,11,4,4,12,1,3,0,3,15,7,10,53,12,4,4,11,2,4,0,3,10,8,16
f527457d,2026-06-26,20:00,Group stage,3.0,New Zealand,Belgium,1,5,,,BC Place Stadium (Neutral Site),52497,Adham Makhadmeh,,https://fbref.com/en/matches/f527457d/New-Zealand-Belgium-June-26-2026-World-Cup,played,True,kaggle+fbref,0.48,3.25,FIFA World Cup,4.0,35,6,2,2,10,1,2,0,7,17,6,6,65,22,12,8,7,3,0,0,1,16,10,8
a051b2ea,2026-06-27,17:00,Group stage,3.0,Croatia,Ghana,2,1,,,Lincoln Financial Field (Neutral Site),68324,Drew Fischer,,https://fbref.com/en/matches/a051b2ea/Croatia-Ghana-June-27-2026-World-Cup,played,True,kaggle+fbref,0.42,0.74,FIFA World Cup,4.0,53,8,4,3,9,1,1,0,0,15,4,8,47,6,1,2,13,2,1,0,2,12,10,7
d7e30dec,2026-06-27,17:00,Group stage,3.0,Panama,England,0,2,,,MetLife Stadium (Neutral Site),80663,Abdulrahman Ibrahim Al Jassim,,https://fbref.com/en/matches/d7e30dec/Panama-England-June-27-2026-World-Cup,played,True,kaggle+fbref,0.69,1.39,FIFA World Cup,4.0,33,13,2,3,16,4,2,0,4,9,6,11,67,17,6,7,13,4,1,0,2,25,5,17
ded93e98,2026-06-27,19:30,Group stage,3.0,Colombia,Portugal,0,0,,,Hard Rock Stadium (Neutral Site),64478,Alireza Faghani,,https://fbref.com/en/matches/ded93e98/Colombia-Portugal-June-27-2026-World-Cup,played,True,kaggle+fbref,1.62,0.73,FIFA World Cup,4.0,55,24,6,5,12,3,1,0,2,10,5,8,45,13,2,2,6,2,0,0,6,14,11,4
6287f9c7,2026-06-27,19:30,Group stage,3.0,Congo DR,Uzbekistan,3,1,,,Mercedes-Benz Stadium (Neutral Site),68239,Felix Zwayer,,https://fbref.com/en/matches/6287f9c7/Congo-DR-Uzbekistan-June-27-2026-World-Cup,played,True,kaggle+fbref,2.35,0.2,FIFA World Cup,4.0,64,19,4,2,6,3,3,0,1,21,7,13,36,3,1,4,16,1,2,0,1,16,12,18
5ec98037,2026-06-27,21:00,Group stage,3.0,Jordan,Argentina,1,3,,,AT&T Stadium (Neutral Site),70649,István Kovács,,https://fbref.com/en/matches/5ec98037/Jordan-Argentina-June-27-2026-World-Cup,played,True,kaggle+fbref,0.76,2.13,FIFA World Cup,4.0,27,5,1,2,13,1,3,0,1,7,19,8,73,12,4,6,7,0,0,0,0,5,12,5
79a8f8c8,2026-06-27,21:00,Group stage,3.0,Algeria,Austria,3,3,,,GEHA Field at Arrowhead Stadium (Neutral Site),69045,Ilgiz Tantashev,,https://fbref.com/en/matches/79a8f8c8/Algeria-Austria-June-27-2026-World-Cup,played,True,kaggle+fbref,1.62,1.44,FIFA World Cup,4.0,50,12,5,0,3,1,0,0,0,5,3,6,50,10,3,3,7,3,1,0,2,13,10,4
c4104726,2026-06-28,12:00,Round of 32,,South Africa,Canada,0,1,,,SoFi Stadium (Neutral Site),69237,João Pinheiro,,https://fbref.com/en/matches/c4104726/South-Africa-Canada-June-28-2026-World-Cup,played,True,kaggle+fbref,0.13,1.32,FIFA World Cup,4.0,58,6,1,1,10,1,0,0,6,8,16,14,42,12,7,4,16,0,2,0,1,12,8,15
58289f35,2026-06-29,12:00,Round of 32,,Brazil,Japan,2,1,,,Reliant Stadium (Neutral Site),68777,Maurizio Mariani,,https://fbref.com/en/matches/58289f35/Brazil-Japan-June-29-2026-World-Cup,played,True,kaggle+fbref,1.69,0.23,FIFA World Cup,4.0,69,19,7,6,4,1,2,0,1,40,9,8,31,5,2,2,13,0,3,0,4,10,5,4
89da405b,2026-06-29,16:30,Round of 32,,Germany,Paraguay,1,1,3,4,Gillette Stadium (Neutral Site),63945,Jalal Jayed,Paraguay won on penalty kicks following extra time,https://fbref.com/en/matches/89da405b/Germany-Paraguay-June-29-2026-World-Cup,played,True,kaggle+fbref,0.72,0.42,FIFA World Cup,4.0,76,21,6,16,18,4,3,0,2,56,4,10,24,7,3,6,12,1,3,0,6,21,13,21
bebca560,2026-06-29,19:00,Round of 32,,Netherlands,Morocco,1,1,2,3,Estadio BBVA (Neutral Site),51243,Wilton Sampaio,Morocco won on penalty kicks following extra time,https://fbref.com/en/matches/bebca560/Netherlands-Morocco-June-29-2026-World-Cup,played,True,kaggle+fbref,0.23,1.4,FIFA World Cup,4.0,30,6,2,5,18,3,0,0,5,10,11,9,70,11,5,8,15,0,1,0,1,18,10,14
d280258e,2026-06-30,12:00,Round of 32,,Côte d'Ivoire,Norway,1,2,,,AT&T Stadium (Neutral Site),69665,Jesús Valenzuela,,https://fbref.com/en/matches/d280258e/Cote-dIvoire-Norway-June-30-2026-World-Cup,played,True,kaggle+fbref,1.15,2.02,FIFA World Cup,4.0,52,14,5,14,6,2,0,0,1,29,4,18,48,9,3,3,7,2,1,0,4,10,6,11
da47849b,2026-06-30,17:00,Round of 32,,France,Sweden,3,0,,,MetLife Stadium (Neutral Site),80663,Danny Makkelie,,https://fbref.com/en/matches/da47849b/France-Sweden-June-30-2026-World-Cup,played,True,kaggle+fbref,3.17,0.67,FIFA World Cup,4.0,61,25,12,9,14,3,0,0,3,16,5,7,39,8,3,1,10,1,0,0,9,10,12,8
5eca3d3a,2026-06-30,20:00,Round of 32,,Mexico,Ecuador,2,0,,,Estadio Banorte (Neutral Site),80824,Slavko Vinčič,,https://fbref.com/en/matches/5eca3d3a/Mexico-Ecuador-June-30-2026-World-Cup,played,True,kaggle+fbref,1.02,0.73,FIFA World Cup,4.0,37,15,3,3,10,0,0,0,1,7,7,5,52,7,1,8,14,1,3,1,1,25,6,8
520a5665,2026-07-01,12:00,Round of 32,,England,Congo DR,2,1,,,Mercedes-Benz Stadium (Neutral Site),68239,Adham Makhadmeh,,https://fbref.com/en/matches/520a5665/England-Congo-DR-July-1-2026-World-Cup,played,True,kaggle+fbref,2.04,0.76,FIFA World Cup,4.0,60,16,7,5,10,0,1,0,1,43,7,7,40,7,2,3,12,4,1,0,5,13,3,7
cf968279,2026-07-01,13:00,Round of 32,,Belgium,Senegal,3,2,,,Lumen Field (Neutral Site),66925,Said Martínez,Required Extra Time,https://fbref.com/en/matches/cf968279/Belgium-Senegal-July-1-2026-World-Cup,played,True,kaggle+fbref,1.74,3.58,FIFA World Cup,4.0,52,19,5,4,22,2,2,0,3,26,8,4,48,19,5,2,12,2,1,0,2,22,11,4
89aea7f3,2026-07-01,17:00,Round of 32,,USA,Bosnia and Herzegovina,2,0,,,Levi's Stadium (Neutral Site),68827,Raphael Claus,,https://fbref.com/en/matches/89aea7f3/United-States-Bosnia-and-Herzegovina-July-1-2026-World-Cup,played,True,kaggle+fbref,0.92,0.25,FIFA World Cup,4.0,48,8,2,4,7,3,0,1,3,14,8,8,52,10,3,3,13,0,2,0,0,13,8,12
,2026-07-02,12:00,Round of 32,,Spain,Austria,3,0,,,SoFi Stadium (Neutral Site),70492,Glenn Nyberg,,,played,True,kaggle+fbref,2.84,0.32,FIFA World Cup,4.0,64,23,10,9,8,2,0,0,0,22,6,13,36,5,0,0,15,5,1,0,6,13,7,8
,2026-07-02,19:00,Round of 32,,Portugal,Croatia,2,1,,,BMO Field (Neutral Site),43036,Espen Eskås,,,played,True,kaggle+fbref,2.18,1.34,FIFA World Cup,4.0,62,15,3,9,6,1,1,0,6,20,5,9,38,13,7,5,11,4,2,0,1,22,9,11
,2026-07-02,20:00,Round of 32,,Switzerland,Algeria,2,0,,,BC Place Stadium (Neutral Site),52497,Yael Falcón,,,played,True,kaggle+fbref,2.52,0.73,FIFA World Cup,4.0,45,11,5,4,10,0,0,0,2,14,17,13,55,8,2,2,12,2,2,0,3,6,9,10
,2026-07-03,13:00,Round of 32,,Australia,Egypt,1,1,2,4,AT&T Stadium (Neutral Site),70244,Gustavo Tejera,Egypt won on penalty kicks following extra time,,played,True,kaggle+fbref,0.87,1.36,FIFA World Cup,4.0,42,11,3,4,14,2,0,0,4,24,9,7,58,16,5,6,12,1,2,0,2,24,8,6
,2026-07-03,18:00,Round of 32,,Argentina,Cabo Verde,3,2,,,Hard Rock Stadium (Neutral Site),64478,Drew Fischer,Required Extra Time,,played,True,kaggle+fbref,2.16,0.46,FIFA World Cup,4.0,64,22,11,8,9,3,1,0,3,15,9,13,36,16,5,3,13,1,1,0,8,21,10,8
,2026-07-03,20:30,Round of 32,,Colombia,Ghana,1,0,,,GEHA Field at Arrowhead Stadium (Neutral Site),69045,Clément Turpin,,,played,True,kaggle+fbref,2.19,0.26,FIFA World Cup,4.0,61,20,8,3,13,2,2,0,0,15,5,8,39,8,0,2,9,0,3,0,7,15,5,7
,2026-07-04,12:00,Round of 16,,Canada,Morocco,0,3,,,Reliant Stadium (Neutral Site),68777,Michael Oliver,,,played,True,kaggle+fbref,0.8,1.2,FIFA World Cup,4.0,37,10,3,7,24,2,4,0,1,29,5,10,50,5,4,1,14,3,4,0,3,5,8,9
,2026-07-04,17:00,Round of 16,,Paraguay,France,0,1,,,Lincoln Financial Field (Neutral Site),68324,Ilgiz Tantashev,,,played,True,kaggle+fbref,0.3,1.8,FIFA World Cup,4.0,24,5,1,2,13,0,0,0,4,4,14,20,76,15,5,12,11,0,3,0,1,23,10,8
,2026-07-05,16:00,Round of 16,,Brazil,Norway,1,2,,,MetLife Stadium (Neutral Site),80663,Ismail Elfath,,,played,True,kaggle+fbref,2.61,1.05,FIFA World Cup,4.0,34,14,4,5,7,1,1,0,3,16,11,9,66,9,5,5,6,1,0,0,4,13,6,11
,2026-07-05,18:00,Round of 16,,Mexico,England,2,3,,,Estadio Banorte (Neutral Site),80824,Alireza Faghani,,,played,True,kaggle+fbref,1.88,1.61,FIFA World Cup,4.0,67,20,5,12,14,1,2,0,2,49,7,6,33,6,5,2,7,0,4,1,3,4,4,9
,2026-07-06,17:00,Round of 16,,USA,Belgium,1,4,,,Lumen Field (Neutral Site),66925,Adham Makhadmeh,,,played,True,kaggle+fbref,0.67,2.15,FIFA World Cup,4.0,56,7,2,3,11,0,2,0,3,11,9,10,44,15,7,5,9,1,0,0,1,14,9,11
,2026-07-06,19:00,Round of 16,,Portugal,Spain,0,1,,,Miami Stadium (Hard Rock Stadium),70649,Anthony Taylor,,,played,True,kaggle+fbref,0.63,1.69,FIFA World Cup,4.0,45,10,2,3,9,2,2,0,5,13,7,9,55,15,6,7,13,1,1,0,2,16,5,15
,2026-07-07,16:00,Round of 16,,Argentina,Egypt,3,2,,,Kansas City Stadium (Arrowhead Stadium),68239,Szymon Marciniak,,,played,True,kaggle+fbref,2.12,1.54,FIFA World Cup,4.0,54,15,5,6,10,2,0,0,2,26,7,15,46,11,4,4,14,1,5,0,2,8,10,8
,2026-07-07,20:00,Round of 16,,Switzerland,Colombia,0,0,4,3,Seattle Stadium (Lumen Field),52497,Danny Makkelie,Switzerland won a penalty shoot-out following extra time,,played,True,kaggle+fbref,1.15,1.46,FIFA World Cup,4.0,43,11,3,5,15,1,3,0,5,15,13,7,57,18,5,8,12,2,2,0,3,18,12,7
,2026-07-09,20:00,Quarter-finals,,France,Morocco,,,,,Boston Stadium (Gillette Stadium),,,,,scheduled,False,,,,FIFA World Cup,4.0,,,,,,,,,,,,,,,,,,,,,,,,
,2026-07-10,19:00,Quarter-finals,,,,,,,,Los Angeles Stadium (SoFi Stadium),,,,,scheduled,False,,,,FIFA World Cup,4.0,,,,,,,,,,,,,,,,,,,,,,,,
,2026-07-10,19:00,Quarter-finals,,,,,,,,Los Angeles Stadium (SoFi Stadium),,Daniele Orsato,,,scheduled,False,,,,FIFA World Cup,4.0,,,,,,,,,,,,,,,,,,,,,,,,
,2026-07-10,19:00,Quarter-finals,,,,,,,,Los Angeles Stadium (SoFi Stadium),,Daniele Orsato,,,scheduled,False,,,,FIFA World Cup,4.0,,,,,,,,,,,,,,,,,,,,,,,,
,2026-07-11,21:00,Quarter-finals,,Norway,England,,,,,Miami Stadium (Hard Rock Stadium),,,,,scheduled,False,,,,FIFA World Cup,4.0,,,,,,,,,,,,,,,,,,,,,,,,
,2026-07-12,01:00,Quarter-finals,,,,,,,,Kansas City Stadium (Arrowhead Stadium),,,,,scheduled,False,,,,FIFA World Cup,4.0,,,,,,,,,,,,,,,,,,,,,,,,
,2026-07-12,01:00,Quarter-finals,,,,,,,,Kansas City Stadium (Arrowhead Stadium),,Anthony Taylor,,,scheduled,False,,,,FIFA World Cup,4.0,,,,,,,,,,,,,,,,,,,,,,,,
,2026-07-12,01:00,Quarter-finals,,,,,,,,Kansas City Stadium (Arrowhead Stadium),,Anthony Taylor,,,scheduled,False,,,,FIFA World Cup,4.0,,,,,,,,,,,,,,,,,,,,,,,,
,2026-07-14,20:00,Semi-finals,,,,,,,,Dallas Stadium (AT&T Stadium),,Clément Turpin,,,scheduled,False,,,,FIFA World Cup,4.0,,,,,,,,,,,,,,,,,,,,,,,,
,2026-07-14,20:00,Semi-finals,,,,,,,,Dallas Stadium (AT&T Stadium),,Clément Turpin,,,scheduled,False,,,,FIFA World Cup,4.0,,,,,,,,,,,,,,,,,,,,,,,,
,2026-07-15,20:00,Semi-finals,,,,,,,,Atlanta Stadium (Mercedes-Benz Stadium),,Danny Makkelie,,,scheduled,False,,,,FIFA World Cup,4.0,,,,,,,,,,,,,,,,,,,,,,,,
,2026-07-15,20:00,Semi-finals,,,,,,,,Atlanta Stadium (Mercedes-Benz Stadium),,Danny Makkelie,,,scheduled,False,,,,FIFA World Cup,4.0,,,,,,,,,,,,,,,,,,,,,,,,
,2026-07-18,22:00,Third-place match,,,,,,,,Miami Stadium (Hard Rock Stadium),,Jesús Valenzuela,,,scheduled,False,,,,FIFA World Cup,4.0,,,,,,,,,,,,,,,,,,,,,,,,
,2026-07-18,22:00,Third-place match,,,,,,,,Miami Stadium (Hard Rock Stadium),,Jesús Valenzuela,,,scheduled,False,,,,FIFA World Cup,4.0,,,,,,,,,,,,,,,,,,,,,,,,
,2026-07-19,20:00,Final,,,,,,,,New York New Jersey Stadium (MetLife Stadium),,Wilton Sampaio,,,scheduled,False,,,,FIFA World Cup,4.0,,,,,,,,,,,,,,,,,,,,,,,,
,2026-07-19,20:00,Final,,,,,,,,New York New Jersey Stadium (MetLife Stadium),,Wilton Sampaio,,,scheduled,False,,,,FIFA World Cup,4.0,,,,,,,,,,,,,,,,,,,,,,,,
